[
  {
    "id": 1,
    "priority": 1,
    "action": {
      "type": "modifyHeaders",
      "requestHeaders": [
        {
          "header": "User-Agent",
          "operation": "set",
          "value": "Mozilla/5.0 (Macintosh; Intel Mac OS X 10_15_7) AppleWebKit/605.1.15 (KHTML, like Gecko) Version/14.0.3 Safari/605.1.15"
        },
        {
          "header": "Accept-Language",
          "operation": "set",
          "value": "en-US,en;q=0.9"
        },
        {
          "header": "Referer",
          "operation": "set",
          "value": "https://www.google.com/"
        }
      ]
    },
    "condition": {
      "urlFilter": "https://www.netflix.com/*",
      "resourceTypes": ["main_frame", "sub_frame", "script", "xmlhttprequest", "other"]
    }
  },
  {
    "id": 2,
    "priority": 1,
    "action": {
      "type": "modifyHeaders",
      "requestHeaders": [
        {
          "header": "User-Agent",
          "operation": "set",
          "value": "Mozilla/5.0 (Macintosh; Intel Mac OS X 10_15_7) AppleWebKit/605.1.15 (KHTML, like Gecko) Version/14.0.3 Safari/605.1.15"
        },
        {
          "header": "Accept-Language",
          "operation": "set",
          "value": "fr-FR,fr;q=0.9"
        },
        {
          "header": "Referer",
          "operation": "set",
          "value": "https://www.google.com/"
        }
      ]
    },
    "condition": {
      "urlFilter": "*://whoer.net/*",
      "resourceTypes": ["main_frame", "sub_frame", "script", "xmlhttprequest", "other"]
    }
  },
  {
    "id": 3,
    "priority": 1,
    "action": {
      "type": "modifyHeaders",
      "requestHeaders": [
        {
          "header": "User-Agent",
          "operation": "set",
          "value": "Mozilla/5.0 (iPhone; CPU iPhone OS 14_0 like Mac OS X) AppleWebKit/605.1.15 (KHTML, like Gecko) Version/14.0 Mobile/15E148 Safari/604.1"
        },
        {
          "header": "Accept-Language",
          "operation": "set",
          "value": "es-ES,es;q=0.9"
        },
        {
          "header": "Referer",
          "operation": "set",
          "value": "https://www.yahoo.com/"
        }
      ]
    },
    "condition": {
      "urlFilter": "https://www.anotherexample.com/*",
      "resourceTypes": ["main_frame", "sub_frame", "script", "xmlhttprequest", "other"]
    }
  }
]
